hover,Subreddit Name,Subreddit Link,Members,Subreddit Introduction,Subreddit Rules,Moderator IDs,Top 5 Hot Posts
,FIlm,https://www.reddit.com/r/FIlm,102706,"All things film related.

Rule 1: Be Nice

Rule 2: Film-related posts only

Rule 3: No Self-Promotion","&lt;!-- SC_OFF --&gt;&lt;div class=""md""&gt;&lt;p&gt;All things film related.&lt;/p&gt;

&lt;p&gt;Rule 1: Be Nice&lt;/p&gt;

&lt;p&gt;Rule 2: Film-related posts only&lt;/p&gt;

&lt;p&gt;Rule 3: No Self-Promotion&lt;/p&gt;
&lt;/div&gt;&lt;!-- SC_ON --&gt;",2qh7m,"https://v.redd.it/ff6uy1jcmjld1/DASH_720.mp4?source=fallback,,,https://v.redd.it/xec06uc2udld1/DASH_1080.mp4?source=fallback,"
,Cinema,https://www.reddit.com/r/Cinema,102706,"All things film related.

Rule 1: Be Nice

Rule 2: Film-related posts only

Rule 3: No Self-Promotion","&lt;!-- SC_OFF --&gt;&lt;div class=""md""&gt;&lt;p&gt;All things film related.&lt;/p&gt;

&lt;p&gt;Rule 1: Be Nice&lt;/p&gt;

&lt;p&gt;Rule 2: Film-related posts only&lt;/p&gt;

&lt;p&gt;Rule 3: No Self-Promotion&lt;/p&gt;
&lt;/div&gt;&lt;!-- SC_ON --&gt;",2qh7m,"https://v.redd.it/ff6uy1jcmjld1/DASH_720.mp4?source=fallback,,,https://v.redd.it/xec06uc2udld1/DASH_1080.mp4?source=fallback,"
,TrueFilm,https://www.reddit.com/r/TrueFilm,102706,"All things film related.

Rule 1: Be Nice

Rule 2: Film-related posts only

Rule 3: No Self-Promotion","&lt;!-- SC_OFF --&gt;&lt;div class=""md""&gt;&lt;p&gt;All things film related.&lt;/p&gt;

&lt;p&gt;Rule 1: Be Nice&lt;/p&gt;

&lt;p&gt;Rule 2: Film-related posts only&lt;/p&gt;

&lt;p&gt;Rule 3: No Self-Promotion&lt;/p&gt;
&lt;/div&gt;&lt;!-- SC_ON --&gt;",2qh7m,"https://v.redd.it/ff6uy1jcmjld1/DASH_720.mp4?source=fallback,,,https://v.redd.it/xec06uc2udld1/DASH_1080.mp4?source=fallback,"
,Filmmakers,https://www.reddit.com/r/Filmmakers,102706,"All things film related.

Rule 1: Be Nice

Rule 2: Film-related posts only

Rule 3: No Self-Promotion","&lt;!-- SC_OFF --&gt;&lt;div class=""md""&gt;&lt;p&gt;All things film related.&lt;/p&gt;

&lt;p&gt;Rule 1: Be Nice&lt;/p&gt;

&lt;p&gt;Rule 2: Film-related posts only&lt;/p&gt;

&lt;p&gt;Rule 3: No Self-Promotion&lt;/p&gt;
&lt;/div&gt;&lt;!-- SC_ON --&gt;",2qh7m,"https://v.redd.it/ff6uy1jcmjld1/DASH_720.mp4?source=fallback,,,https://v.redd.it/xec06uc2udld1/DASH_1080.mp4?source=fallback,"
,classicfilms,https://www.reddit.com/r/classicfilms,102706,"All things film related.

Rule 1: Be Nice

Rule 2: Film-related posts only

Rule 3: No Self-Promotion","&lt;!-- SC_OFF --&gt;&lt;div class=""md""&gt;&lt;p&gt;All things film related.&lt;/p&gt;

&lt;p&gt;Rule 1: Be Nice&lt;/p&gt;

&lt;p&gt;Rule 2: Film-related posts only&lt;/p&gt;

&lt;p&gt;Rule 3: No Self-Promotion&lt;/p&gt;
&lt;/div&gt;&lt;!-- SC_ON --&gt;",2qh7m,"https://v.redd.it/ff6uy1jcmjld1/DASH_720.mp4?source=fallback,,,https://v.redd.it/xec06uc2udld1/DASH_1080.mp4?source=fallback,"
,criterion,https://www.reddit.com/r/criterion,102706,"All things film related.

Rule 1: Be Nice

Rule 2: Film-related posts only

Rule 3: No Self-Promotion","&lt;!-- SC_OFF --&gt;&lt;div class=""md""&gt;&lt;p&gt;All things film related.&lt;/p&gt;

&lt;p&gt;Rule 1: Be Nice&lt;/p&gt;

&lt;p&gt;Rule 2: Film-related posts only&lt;/p&gt;

&lt;p&gt;Rule 3: No Self-Promotion&lt;/p&gt;
&lt;/div&gt;&lt;!-- SC_ON --&gt;",2qh7m,"https://v.redd.it/ff6uy1jcmjld1/DASH_720.mp4?source=fallback,,,https://v.redd.it/xec06uc2udld1/DASH_1080.mp4?source=fallback,"
,flicks,https://www.reddit.com/r/flicks,102706,"All things film related.

Rule 1: Be Nice

Rule 2: Film-related posts only

Rule 3: No Self-Promotion","&lt;!-- SC_OFF --&gt;&lt;div class=""md""&gt;&lt;p&gt;All things film related.&lt;/p&gt;

&lt;p&gt;Rule 1: Be Nice&lt;/p&gt;

&lt;p&gt;Rule 2: Film-related posts only&lt;/p&gt;

&lt;p&gt;Rule 3: No Self-Promotion&lt;/p&gt;
&lt;/div&gt;&lt;!-- SC_ON --&gt;",2qh7m,"https://v.redd.it/ff6uy1jcmjld1/DASH_720.mp4?source=fallback,,,https://v.redd.it/xec06uc2udld1/DASH_1080.mp4?source=fallback,"
,cinematography,https://www.reddit.com/r/cinematography,102706,"All things film related.

Rule 1: Be Nice

Rule 2: Film-related posts only

Rule 3: No Self-Promotion","&lt;!-- SC_OFF --&gt;&lt;div class=""md""&gt;&lt;p&gt;All things film related.&lt;/p&gt;

&lt;p&gt;Rule 1: Be Nice&lt;/p&gt;

&lt;p&gt;Rule 2: Film-related posts only&lt;/p&gt;

&lt;p&gt;Rule 3: No Self-Promotion&lt;/p&gt;
&lt;/div&gt;&lt;!-- SC_ON --&gt;",2qh7m,"https://v.redd.it/ff6uy1jcmjld1/DASH_720.mp4?source=fallback,,,https://v.redd.it/xec06uc2udld1/DASH_1080.mp4?source=fallback,"
,CineShots,https://www.reddit.com/r/CineShots,102706,"All things film related.

Rule 1: Be Nice

Rule 2: Film-related posts only

Rule 3: No Self-Promotion","&lt;!-- SC_OFF --&gt;&lt;div class=""md""&gt;&lt;p&gt;All things film related.&lt;/p&gt;

&lt;p&gt;Rule 1: Be Nice&lt;/p&gt;

&lt;p&gt;Rule 2: Film-related posts only&lt;/p&gt;

&lt;p&gt;Rule 3: No Self-Promotion&lt;/p&gt;
&lt;/div&gt;&lt;!-- SC_ON --&gt;",2qh7m,"https://v.redd.it/ff6uy1jcmjld1/DASH_720.mp4?source=fallback,,,https://v.redd.it/xec06uc2udld1/DASH_1080.mp4?source=fallback,"
,FilmIndustryLA,https://www.reddit.com/r/FilmIndustryLA,102706,"All things film related.

Rule 1: Be Nice

Rule 2: Film-related posts only

Rule 3: No Self-Promotion","&lt;!-- SC_OFF --&gt;&lt;div class=""md""&gt;&lt;p&gt;All things film related.&lt;/p&gt;

&lt;p&gt;Rule 1: Be Nice&lt;/p&gt;

&lt;p&gt;Rule 2: Film-related posts only&lt;/p&gt;

&lt;p&gt;Rule 3: No Self-Promotion&lt;/p&gt;
&lt;/div&gt;&lt;!-- SC_ON --&gt;",2qh7m,"https://v.redd.it/ff6uy1jcmjld1/DASH_720.mp4?source=fallback,,,https://v.redd.it/xec06uc2udld1/DASH_1080.mp4?source=fallback,"
,StanleyKubrick,https://www.reddit.com/r/StanleyKubrick,102706,"All things film related.

Rule 1: Be Nice

Rule 2: Film-related posts only

Rule 3: No Self-Promotion","&lt;!-- SC_OFF --&gt;&lt;div class=""md""&gt;&lt;p&gt;All things film related.&lt;/p&gt;

&lt;p&gt;Rule 1: Be Nice&lt;/p&gt;

&lt;p&gt;Rule 2: Film-related posts only&lt;/p&gt;

&lt;p&gt;Rule 3: No Self-Promotion&lt;/p&gt;
&lt;/div&gt;&lt;!-- SC_ON --&gt;",2qh7m,"https://v.redd.it/ff6uy1jcmjld1/DASH_720.mp4?source=fallback,,,https://v.redd.it/xec06uc2udld1/DASH_1080.mp4?source=fallback,"
,filmnoir,https://www.reddit.com/r/filmnoir,102706,"All things film related.

Rule 1: Be Nice

Rule 2: Film-related posts only

Rule 3: No Self-Promotion","&lt;!-- SC_OFF --&gt;&lt;div class=""md""&gt;&lt;p&gt;All things film related.&lt;/p&gt;

&lt;p&gt;Rule 1: Be Nice&lt;/p&gt;

&lt;p&gt;Rule 2: Film-related posts only&lt;/p&gt;

&lt;p&gt;Rule 3: No Self-Promotion&lt;/p&gt;
&lt;/div&gt;&lt;!-- SC_ON --&gt;",2qh7m,"https://v.redd.it/ff6uy1jcmjld1/DASH_720.mp4?source=fallback,,,https://v.redd.it/xec06uc2udld1/DASH_1080.mp4?source=fallback,"
,Letterboxd,https://www.reddit.com/r/Letterboxd,102706,"All things film related.

Rule 1: Be Nice

Rule 2: Film-related posts only

Rule 3: No Self-Promotion","&lt;!-- SC_OFF --&gt;&lt;div class=""md""&gt;&lt;p&gt;All things film related.&lt;/p&gt;

&lt;p&gt;Rule 1: Be Nice&lt;/p&gt;

&lt;p&gt;Rule 2: Film-related posts only&lt;/p&gt;

&lt;p&gt;Rule 3: No Self-Promotion&lt;/p&gt;
&lt;/div&gt;&lt;!-- SC_ON --&gt;",2qh7m,"https://v.redd.it/ff6uy1jcmjld1/DASH_720.mp4?source=fallback,,,https://v.redd.it/xec06uc2udld1/DASH_1080.mp4?source=fallback,"
,Tarantino,https://www.reddit.com/r/Tarantino,102706,"All things film related.

Rule 1: Be Nice

Rule 2: Film-related posts only

Rule 3: No Self-Promotion","&lt;!-- SC_OFF --&gt;&lt;div class=""md""&gt;&lt;p&gt;All things film related.&lt;/p&gt;

&lt;p&gt;Rule 1: Be Nice&lt;/p&gt;

&lt;p&gt;Rule 2: Film-related posts only&lt;/p&gt;

&lt;p&gt;Rule 3: No Self-Promotion&lt;/p&gt;
&lt;/div&gt;&lt;!-- SC_ON --&gt;",2qh7m,"https://v.redd.it/ff6uy1jcmjld1/DASH_720.mp4?source=fallback,,,https://v.redd.it/xec06uc2udld1/DASH_1080.mp4?source=fallback,"
,Bluray,https://www.reddit.com/r/Bluray,102706,"All things film related.

Rule 1: Be Nice

Rule 2: Film-related posts only

Rule 3: No Self-Promotion","&lt;!-- SC_OFF --&gt;&lt;div class=""md""&gt;&lt;p&gt;All things film related.&lt;/p&gt;

&lt;p&gt;Rule 1: Be Nice&lt;/p&gt;

&lt;p&gt;Rule 2: Film-related posts only&lt;/p&gt;

&lt;p&gt;Rule 3: No Self-Promotion&lt;/p&gt;
&lt;/div&gt;&lt;!-- SC_ON --&gt;",2qh7m,"https://v.redd.it/ff6uy1jcmjld1/DASH_720.mp4?source=fallback,,,https://v.redd.it/xec06uc2udld1/DASH_1080.mp4?source=fallback,"
,davidlynch,https://www.reddit.com/r/davidlynch,102706,"All things film related.

Rule 1: Be Nice

Rule 2: Film-related posts only

Rule 3: No Self-Promotion","&lt;!-- SC_OFF --&gt;&lt;div class=""md""&gt;&lt;p&gt;All things film related.&lt;/p&gt;

&lt;p&gt;Rule 1: Be Nice&lt;/p&gt;

&lt;p&gt;Rule 2: Film-related posts only&lt;/p&gt;

&lt;p&gt;Rule 3: No Self-Promotion&lt;/p&gt;
&lt;/div&gt;&lt;!-- SC_ON --&gt;",2qh7m,"https://v.redd.it/ff6uy1jcmjld1/DASH_720.mp4?source=fallback,,,https://v.redd.it/xec06uc2udld1/DASH_1080.mp4?source=fallback,"
,MoviePosterPorn,https://www.reddit.com/r/MoviePosterPorn,102706,"All things film related.

Rule 1: Be Nice

Rule 2: Film-related posts only

Rule 3: No Self-Promotion","&lt;!-- SC_OFF --&gt;&lt;div class=""md""&gt;&lt;p&gt;All things film related.&lt;/p&gt;

&lt;p&gt;Rule 1: Be Nice&lt;/p&gt;

&lt;p&gt;Rule 2: Film-related posts only&lt;/p&gt;

&lt;p&gt;Rule 3: No Self-Promotion&lt;/p&gt;
&lt;/div&gt;&lt;!-- SC_ON --&gt;",2qh7m,"https://v.redd.it/ff6uy1jcmjld1/DASH_720.mp4?source=fallback,,,https://v.redd.it/xec06uc2udld1/DASH_1080.mp4?source=fallback,"
,ShortFilm,https://www.reddit.com/r/ShortFilm,102706,"All things film related.

Rule 1: Be Nice

Rule 2: Film-related posts only

Rule 3: No Self-Promotion","&lt;!-- SC_OFF --&gt;&lt;div class=""md""&gt;&lt;p&gt;All things film related.&lt;/p&gt;

&lt;p&gt;Rule 1: Be Nice&lt;/p&gt;

&lt;p&gt;Rule 2: Film-related posts only&lt;/p&gt;

&lt;p&gt;Rule 3: No Self-Promotion&lt;/p&gt;
&lt;/div&gt;&lt;!-- SC_ON --&gt;",2qh7m,"https://v.redd.it/ff6uy1jcmjld1/DASH_720.mp4?source=fallback,,,https://v.redd.it/xec06uc2udld1/DASH_1080.mp4?source=fallback,"
,paulthomasanderson,https://www.reddit.com/r/paulthomasanderson,102706,"All things film related.

Rule 1: Be Nice

Rule 2: Film-related posts only

Rule 3: No Self-Promotion","&lt;!-- SC_OFF --&gt;&lt;div class=""md""&gt;&lt;p&gt;All things film related.&lt;/p&gt;

&lt;p&gt;Rule 1: Be Nice&lt;/p&gt;

&lt;p&gt;Rule 2: Film-related posts only&lt;/p&gt;

&lt;p&gt;Rule 3: No Self-Promotion&lt;/p&gt;
&lt;/div&gt;&lt;!-- SC_ON --&gt;",2qh7m,"https://v.redd.it/ff6uy1jcmjld1/DASH_720.mp4?source=fallback,,,https://v.redd.it/xec06uc2udld1/DASH_1080.mp4?source=fallback,"
,boutiquebluray,https://www.reddit.com/r/boutiquebluray,102706,"All things film related.

Rule 1: Be Nice

Rule 2: Film-related posts only

Rule 3: No Self-Promotion","&lt;!-- SC_OFF --&gt;&lt;div class=""md""&gt;&lt;p&gt;All things film related.&lt;/p&gt;

&lt;p&gt;Rule 1: Be Nice&lt;/p&gt;

&lt;p&gt;Rule 2: Film-related posts only&lt;/p&gt;

&lt;p&gt;Rule 3: No Self-Promotion&lt;/p&gt;
&lt;/div&gt;&lt;!-- SC_ON --&gt;",2qh7m,"https://v.redd.it/ff6uy1jcmjld1/DASH_720.mp4?source=fallback,,,https://v.redd.it/xec06uc2udld1/DASH_1080.mp4?source=fallback,"
,Screenwriting,https://www.reddit.com/r/Screenwriting,102706,"All things film related.

Rule 1: Be Nice

Rule 2: Film-related posts only

Rule 3: No Self-Promotion","&lt;!-- SC_OFF --&gt;&lt;div class=""md""&gt;&lt;p&gt;All things film related.&lt;/p&gt;

&lt;p&gt;Rule 1: Be Nice&lt;/p&gt;

&lt;p&gt;Rule 2: Film-related posts only&lt;/p&gt;

&lt;p&gt;Rule 3: No Self-Promotion&lt;/p&gt;
&lt;/div&gt;&lt;!-- SC_ON --&gt;",2qh7m,"https://v.redd.it/ff6uy1jcmjld1/DASH_720.mp4?source=fallback,,,https://v.redd.it/xec06uc2udld1/DASH_1080.mp4?source=fallback,"
,dvdcollection,https://www.reddit.com/r/dvdcollection,102706,"All things film related.

Rule 1: Be Nice

Rule 2: Film-related posts only

Rule 3: No Self-Promotion","&lt;!-- SC_OFF --&gt;&lt;div class=""md""&gt;&lt;p&gt;All things film related.&lt;/p&gt;

&lt;p&gt;Rule 1: Be Nice&lt;/p&gt;

&lt;p&gt;Rule 2: Film-related posts only&lt;/p&gt;

&lt;p&gt;Rule 3: No Self-Promotion&lt;/p&gt;
&lt;/div&gt;&lt;!-- SC_ON --&gt;",2qh7m,"https://v.redd.it/ff6uy1jcmjld1/DASH_720.mp4?source=fallback,,,https://v.redd.it/xec06uc2udld1/DASH_1080.mp4?source=fallback,"
,filmtheory,https://www.reddit.com/r/filmtheory,102706,"All things film related.

Rule 1: Be Nice

Rule 2: Film-related posts only

Rule 3: No Self-Promotion","&lt;!-- SC_OFF --&gt;&lt;div class=""md""&gt;&lt;p&gt;All things film related.&lt;/p&gt;

&lt;p&gt;Rule 1: Be Nice&lt;/p&gt;

&lt;p&gt;Rule 2: Film-related posts only&lt;/p&gt;

&lt;p&gt;Rule 3: No Self-Promotion&lt;/p&gt;
&lt;/div&gt;&lt;!-- SC_ON --&gt;",2qh7m,"https://v.redd.it/ff6uy1jcmjld1/DASH_720.mp4?source=fallback,,,https://v.redd.it/xec06uc2udld1/DASH_1080.mp4?source=fallback,"
,Cinephiles,https://www.reddit.com/r/Cinephiles,102706,"All things film related.

Rule 1: Be Nice

Rule 2: Film-related posts only

Rule 3: No Self-Promotion","&lt;!-- SC_OFF --&gt;&lt;div class=""md""&gt;&lt;p&gt;All things film related.&lt;/p&gt;

&lt;p&gt;Rule 1: Be Nice&lt;/p&gt;

&lt;p&gt;Rule 2: Film-related posts only&lt;/p&gt;

&lt;p&gt;Rule 3: No Self-Promotion&lt;/p&gt;
&lt;/div&gt;&lt;!-- SC_ON --&gt;",2qh7m,"https://v.redd.it/ff6uy1jcmjld1/DASH_720.mp4?source=fallback,,,https://v.redd.it/xec06uc2udld1/DASH_1080.mp4?source=fallback,"
,CultCinema,https://www.reddit.com/r/CultCinema,102706,"All things film related.

Rule 1: Be Nice

Rule 2: Film-related posts only

Rule 3: No Self-Promotion","&lt;!-- SC_OFF --&gt;&lt;div class=""md""&gt;&lt;p&gt;All things film related.&lt;/p&gt;

&lt;p&gt;Rule 1: Be Nice&lt;/p&gt;

&lt;p&gt;Rule 2: Film-related posts only&lt;/p&gt;

&lt;p&gt;Rule 3: No Self-Promotion&lt;/p&gt;
&lt;/div&gt;&lt;!-- SC_ON --&gt;",2qh7m,"https://v.redd.it/ff6uy1jcmjld1/DASH_720.mp4?source=fallback,,,https://v.redd.it/xec06uc2udld1/DASH_1080.mp4?source=fallback,"
,JapaneseMovies,https://www.reddit.com/r/JapaneseMovies,102706,"All things film related.

Rule 1: Be Nice

Rule 2: Film-related posts only

Rule 3: No Self-Promotion","&lt;!-- SC_OFF --&gt;&lt;div class=""md""&gt;&lt;p&gt;All things film related.&lt;/p&gt;

&lt;p&gt;Rule 1: Be Nice&lt;/p&gt;

&lt;p&gt;Rule 2: Film-related posts only&lt;/p&gt;

&lt;p&gt;Rule 3: No Self-Promotion&lt;/p&gt;
&lt;/div&gt;&lt;!-- SC_ON --&gt;",2qh7m,"https://v.redd.it/ff6uy1jcmjld1/DASH_720.mp4?source=fallback,,,https://v.redd.it/xec06uc2udld1/DASH_1080.mp4?source=fallback,"
,ForeignMovies,https://www.reddit.com/r/ForeignMovies,102706,"All things film related.

Rule 1: Be Nice

Rule 2: Film-related posts only

Rule 3: No Self-Promotion","&lt;!-- SC_OFF --&gt;&lt;div class=""md""&gt;&lt;p&gt;All things film related.&lt;/p&gt;

&lt;p&gt;Rule 1: Be Nice&lt;/p&gt;

&lt;p&gt;Rule 2: Film-related posts only&lt;/p&gt;

&lt;p&gt;Rule 3: No Self-Promotion&lt;/p&gt;
&lt;/div&gt;&lt;!-- SC_ON --&gt;",2qh7m,"https://v.redd.it/ff6uy1jcmjld1/DASH_720.mp4?source=fallback,,,https://v.redd.it/xec06uc2udld1/DASH_1080.mp4?source=fallback,"
,directors,https://www.reddit.com/r/directors,102706,"All things film related.

Rule 1: Be Nice

Rule 2: Film-related posts only

Rule 3: No Self-Promotion","&lt;!-- SC_OFF --&gt;&lt;div class=""md""&gt;&lt;p&gt;All things film related.&lt;/p&gt;

&lt;p&gt;Rule 1: Be Nice&lt;/p&gt;

&lt;p&gt;Rule 2: Film-related posts only&lt;/p&gt;

&lt;p&gt;Rule 3: No Self-Promotion&lt;/p&gt;
&lt;/div&gt;&lt;!-- SC_ON --&gt;",2qh7m,"https://v.redd.it/ff6uy1jcmjld1/DASH_720.mp4?source=fallback,,,https://v.redd.it/xec06uc2udld1/DASH_1080.mp4?source=fallback,"
,MartinScorsese,https://www.reddit.com/r/MartinScorsese,102706,"All things film related.

Rule 1: Be Nice

Rule 2: Film-related posts only

Rule 3: No Self-Promotion","&lt;!-- SC_OFF --&gt;&lt;div class=""md""&gt;&lt;p&gt;All things film related.&lt;/p&gt;

&lt;p&gt;Rule 1: Be Nice&lt;/p&gt;

&lt;p&gt;Rule 2: Film-related posts only&lt;/p&gt;

&lt;p&gt;Rule 3: No Self-Promotion&lt;/p&gt;
&lt;/div&gt;&lt;!-- SC_ON --&gt;",2qh7m,"https://v.redd.it/ff6uy1jcmjld1/DASH_720.mp4?source=fallback,,,https://v.redd.it/xec06uc2udld1/DASH_1080.mp4?source=fallback,"
,80smovies,https://www.reddit.com/r/80smovies,102706,"All things film related.

Rule 1: Be Nice

Rule 2: Film-related posts only

Rule 3: No Self-Promotion","&lt;!-- SC_OFF --&gt;&lt;div class=""md""&gt;&lt;p&gt;All things film related.&lt;/p&gt;

&lt;p&gt;Rule 1: Be Nice&lt;/p&gt;

&lt;p&gt;Rule 2: Film-related posts only&lt;/p&gt;

&lt;p&gt;Rule 3: No Self-Promotion&lt;/p&gt;
&lt;/div&gt;&lt;!-- SC_ON --&gt;",2qh7m,"https://v.redd.it/ff6uy1jcmjld1/DASH_720.mp4?source=fallback,,,https://v.redd.it/xec06uc2udld1/DASH_1080.mp4?source=fallback,"
,moviescirclejerk,https://www.reddit.com/r/moviescirclejerk,102706,"All things film related.

Rule 1: Be Nice

Rule 2: Film-related posts only

Rule 3: No Self-Promotion","&lt;!-- SC_OFF --&gt;&lt;div class=""md""&gt;&lt;p&gt;All things film related.&lt;/p&gt;

&lt;p&gt;Rule 1: Be Nice&lt;/p&gt;

&lt;p&gt;Rule 2: Film-related posts only&lt;/p&gt;

&lt;p&gt;Rule 3: No Self-Promotion&lt;/p&gt;
&lt;/div&gt;&lt;!-- SC_ON --&gt;",2qh7m,"https://v.redd.it/ff6uy1jcmjld1/DASH_720.mp4?source=fallback,,,https://v.redd.it/xec06uc2udld1/DASH_1080.mp4?source=fallback,"
,MovieSuggestions,https://www.reddit.com/r/MovieSuggestions,102706,"All things film related.

Rule 1: Be Nice

Rule 2: Film-related posts only

Rule 3: No Self-Promotion","&lt;!-- SC_OFF --&gt;&lt;div class=""md""&gt;&lt;p&gt;All things film related.&lt;/p&gt;

&lt;p&gt;Rule 1: Be Nice&lt;/p&gt;

&lt;p&gt;Rule 2: Film-related posts only&lt;/p&gt;

&lt;p&gt;Rule 3: No Self-Promotion&lt;/p&gt;
&lt;/div&gt;&lt;!-- SC_ON --&gt;",2qh7m,"https://v.redd.it/ff6uy1jcmjld1/DASH_720.mp4?source=fallback,,,https://v.redd.it/xec06uc2udld1/DASH_1080.mp4?source=fallback,"
,blankies,https://www.reddit.com/r/blankies,102706,"All things film related.

Rule 1: Be Nice

Rule 2: Film-related posts only

Rule 3: No Self-Promotion","&lt;!-- SC_OFF --&gt;&lt;div class=""md""&gt;&lt;p&gt;All things film related.&lt;/p&gt;

&lt;p&gt;Rule 1: Be Nice&lt;/p&gt;

&lt;p&gt;Rule 2: Film-related posts only&lt;/p&gt;

&lt;p&gt;Rule 3: No Self-Promotion&lt;/p&gt;
&lt;/div&gt;&lt;!-- SC_ON --&gt;",2qh7m,"https://v.redd.it/ff6uy1jcmjld1/DASH_720.mp4?source=fallback,,,https://v.redd.it/xec06uc2udld1/DASH_1080.mp4?source=fallback,"
,Moviesinthemaking,https://www.reddit.com/r/Moviesinthemaking,102706,"All things film related.

Rule 1: Be Nice

Rule 2: Film-related posts only

Rule 3: No Self-Promotion","&lt;!-- SC_OFF --&gt;&lt;div class=""md""&gt;&lt;p&gt;All things film related.&lt;/p&gt;

&lt;p&gt;Rule 1: Be Nice&lt;/p&gt;

&lt;p&gt;Rule 2: Film-related posts only&lt;/p&gt;

&lt;p&gt;Rule 3: No Self-Promotion&lt;/p&gt;
&lt;/div&gt;&lt;!-- SC_ON --&gt;",2qh7m,"https://v.redd.it/ff6uy1jcmjld1/DASH_720.mp4?source=fallback,,,https://v.redd.it/xec06uc2udld1/DASH_1080.mp4?source=fallback,"
,videography,https://www.reddit.com/r/videography,102706,"All things film related.

Rule 1: Be Nice

Rule 2: Film-related posts only

Rule 3: No Self-Promotion","&lt;!-- SC_OFF --&gt;&lt;div class=""md""&gt;&lt;p&gt;All things film related.&lt;/p&gt;

&lt;p&gt;Rule 1: Be Nice&lt;/p&gt;

&lt;p&gt;Rule 2: Film-related posts only&lt;/p&gt;

&lt;p&gt;Rule 3: No Self-Promotion&lt;/p&gt;
&lt;/div&gt;&lt;!-- SC_ON --&gt;",2qh7m,"https://v.redd.it/ff6uy1jcmjld1/DASH_720.mp4?source=fallback,,,https://v.redd.it/xec06uc2udld1/DASH_1080.mp4?source=fallback,"
,editors,https://www.reddit.com/r/editors,102706,"All things film related.

Rule 1: Be Nice

Rule 2: Film-related posts only

Rule 3: No Self-Promotion","&lt;!-- SC_OFF --&gt;&lt;div class=""md""&gt;&lt;p&gt;All things film related.&lt;/p&gt;

&lt;p&gt;Rule 1: Be Nice&lt;/p&gt;

&lt;p&gt;Rule 2: Film-related posts only&lt;/p&gt;

&lt;p&gt;Rule 3: No Self-Promotion&lt;/p&gt;
&lt;/div&gt;&lt;!-- SC_ON --&gt;",2qh7m,"https://v.redd.it/ff6uy1jcmjld1/DASH_720.mp4?source=fallback,,,https://v.redd.it/xec06uc2udld1/DASH_1080.mp4?source=fallback,"
,bmpcc,https://www.reddit.com/r/bmpcc,102706,"All things film related.

Rule 1: Be Nice

Rule 2: Film-related posts only

Rule 3: No Self-Promotion","&lt;!-- SC_OFF --&gt;&lt;div class=""md""&gt;&lt;p&gt;All things film related.&lt;/p&gt;

&lt;p&gt;Rule 1: Be Nice&lt;/p&gt;

&lt;p&gt;Rule 2: Film-related posts only&lt;/p&gt;

&lt;p&gt;Rule 3: No Self-Promotion&lt;/p&gt;
&lt;/div&gt;&lt;!-- SC_ON --&gt;",2qh7m,"https://v.redd.it/ff6uy1jcmjld1/DASH_720.mp4?source=fallback,,,https://v.redd.it/xec06uc2udld1/DASH_1080.mp4?source=fallback,"
,premiere,https://www.reddit.com/r/premiere,102706,"All things film related.

Rule 1: Be Nice

Rule 2: Film-related posts only

Rule 3: No Self-Promotion","&lt;!-- SC_OFF --&gt;&lt;div class=""md""&gt;&lt;p&gt;All things film related.&lt;/p&gt;

&lt;p&gt;Rule 1: Be Nice&lt;/p&gt;

&lt;p&gt;Rule 2: Film-related posts only&lt;/p&gt;

&lt;p&gt;Rule 3: No Self-Promotion&lt;/p&gt;
&lt;/div&gt;&lt;!-- SC_ON --&gt;",2qh7m,"https://v.redd.it/ff6uy1jcmjld1/DASH_720.mp4?source=fallback,,,https://v.redd.it/xec06uc2udld1/DASH_1080.mp4?source=fallback,"
,AfterEffects,https://www.reddit.com/r/AfterEffects,102706,"All things film related.

Rule 1: Be Nice

Rule 2: Film-related posts only

Rule 3: No Self-Promotion","&lt;!-- SC_OFF --&gt;&lt;div class=""md""&gt;&lt;p&gt;All things film related.&lt;/p&gt;

&lt;p&gt;Rule 1: Be Nice&lt;/p&gt;

&lt;p&gt;Rule 2: Film-related posts only&lt;/p&gt;

&lt;p&gt;Rule 3: No Self-Promotion&lt;/p&gt;
&lt;/div&gt;&lt;!-- SC_ON --&gt;",2qh7m,"https://v.redd.it/ff6uy1jcmjld1/DASH_720.mp4?source=fallback,,,https://v.redd.it/xec06uc2udld1/DASH_1080.mp4?source=fallback,"
,vfx,https://www.reddit.com/r/vfx,102706,"All things film related.

Rule 1: Be Nice

Rule 2: Film-related posts only

Rule 3: No Self-Promotion","&lt;!-- SC_OFF --&gt;&lt;div class=""md""&gt;&lt;p&gt;All things film related.&lt;/p&gt;

&lt;p&gt;Rule 1: Be Nice&lt;/p&gt;

&lt;p&gt;Rule 2: Film-related posts only&lt;/p&gt;

&lt;p&gt;Rule 3: No Self-Promotion&lt;/p&gt;
&lt;/div&gt;&lt;!-- SC_ON --&gt;",2qh7m,"https://v.redd.it/ff6uy1jcmjld1/DASH_720.mp4?source=fallback,,,https://v.redd.it/xec06uc2udld1/DASH_1080.mp4?source=fallback,"
,VideoEditing,https://www.reddit.com/r/VideoEditing,102706,"All things film related.

Rule 1: Be Nice

Rule 2: Film-related posts only

Rule 3: No Self-Promotion","&lt;!-- SC_OFF --&gt;&lt;div class=""md""&gt;&lt;p&gt;All things film related.&lt;/p&gt;

&lt;p&gt;Rule 1: Be Nice&lt;/p&gt;

&lt;p&gt;Rule 2: Film-related posts only&lt;/p&gt;

&lt;p&gt;Rule 3: No Self-Promotion&lt;/p&gt;
&lt;/div&gt;&lt;!-- SC_ON --&gt;",2qh7m,"https://v.redd.it/ff6uy1jcmjld1/DASH_720.mp4?source=fallback,,,https://v.redd.it/xec06uc2udld1/DASH_1080.mp4?source=fallback,"
,oldmovies,https://www.reddit.com/r/oldmovies,102706,"All things film related.

Rule 1: Be Nice

Rule 2: Film-related posts only

Rule 3: No Self-Promotion","&lt;!-- SC_OFF --&gt;&lt;div class=""md""&gt;&lt;p&gt;All things film related.&lt;/p&gt;

&lt;p&gt;Rule 1: Be Nice&lt;/p&gt;

&lt;p&gt;Rule 2: Film-related posts only&lt;/p&gt;

&lt;p&gt;Rule 3: No Self-Promotion&lt;/p&gt;
&lt;/div&gt;&lt;!-- SC_ON --&gt;",2qh7m,"https://v.redd.it/ff6uy1jcmjld1/DASH_720.mp4?source=fallback,,,https://v.redd.it/xec06uc2udld1/DASH_1080.mp4?source=fallback,"
,Hitchcock,https://www.reddit.com/r/Hitchcock,102706,"All things film related.

Rule 1: Be Nice

Rule 2: Film-related posts only

Rule 3: No Self-Promotion","&lt;!-- SC_OFF --&gt;&lt;div class=""md""&gt;&lt;p&gt;All things film related.&lt;/p&gt;

&lt;p&gt;Rule 1: Be Nice&lt;/p&gt;

&lt;p&gt;Rule 2: Film-related posts only&lt;/p&gt;

&lt;p&gt;Rule 3: No Self-Promotion&lt;/p&gt;
&lt;/div&gt;&lt;!-- SC_ON --&gt;",2qh7m,"https://v.redd.it/ff6uy1jcmjld1/DASH_720.mp4?source=fallback,,,https://v.redd.it/xec06uc2udld1/DASH_1080.mp4?source=fallback,"
,VintageTV,https://www.reddit.com/r/VintageTV,102706,"All things film related.

Rule 1: Be Nice

Rule 2: Film-related posts only

Rule 3: No Self-Promotion","&lt;!-- SC_OFF --&gt;&lt;div class=""md""&gt;&lt;p&gt;All things film related.&lt;/p&gt;

&lt;p&gt;Rule 1: Be Nice&lt;/p&gt;

&lt;p&gt;Rule 2: Film-related posts only&lt;/p&gt;

&lt;p&gt;Rule 3: No Self-Promotion&lt;/p&gt;
&lt;/div&gt;&lt;!-- SC_ON --&gt;",2qh7m,"https://v.redd.it/ff6uy1jcmjld1/DASH_720.mp4?source=fallback,,,https://v.redd.it/xec06uc2udld1/DASH_1080.mp4?source=fallback,"
,Westerns,https://www.reddit.com/r/Westerns,102706,"All things film related.

Rule 1: Be Nice

Rule 2: Film-related posts only

Rule 3: No Self-Promotion","&lt;!-- SC_OFF --&gt;&lt;div class=""md""&gt;&lt;p&gt;All things film related.&lt;/p&gt;

&lt;p&gt;Rule 1: Be Nice&lt;/p&gt;

&lt;p&gt;Rule 2: Film-related posts only&lt;/p&gt;

&lt;p&gt;Rule 3: No Self-Promotion&lt;/p&gt;
&lt;/div&gt;&lt;!-- SC_ON --&gt;",2qh7m,"https://v.redd.it/ff6uy1jcmjld1/DASH_720.mp4?source=fallback,,,https://v.redd.it/xec06uc2udld1/DASH_1080.mp4?source=fallback,"
,ClassicScreenBeauties,https://www.reddit.com/r/ClassicScreenBeauties,102706,"All things film related.

Rule 1: Be Nice

Rule 2: Film-related posts only

Rule 3: No Self-Promotion","&lt;!-- SC_OFF --&gt;&lt;div class=""md""&gt;&lt;p&gt;All things film related.&lt;/p&gt;

&lt;p&gt;Rule 1: Be Nice&lt;/p&gt;

&lt;p&gt;Rule 2: Film-related posts only&lt;/p&gt;

&lt;p&gt;Rule 3: No Self-Promotion&lt;/p&gt;
&lt;/div&gt;&lt;!-- SC_ON --&gt;",2qh7m,"https://v.redd.it/ff6uy1jcmjld1/DASH_720.mp4?source=fallback,,,https://v.redd.it/xec06uc2udld1/DASH_1080.mp4?source=fallback,"
,TurnerClassicMovies,https://www.reddit.com/r/TurnerClassicMovies,102706,"All things film related.

Rule 1: Be Nice

Rule 2: Film-related posts only

Rule 3: No Self-Promotion","&lt;!-- SC_OFF --&gt;&lt;div class=""md""&gt;&lt;p&gt;All things film related.&lt;/p&gt;

&lt;p&gt;Rule 1: Be Nice&lt;/p&gt;

&lt;p&gt;Rule 2: Film-related posts only&lt;/p&gt;

&lt;p&gt;Rule 3: No Self-Promotion&lt;/p&gt;
&lt;/div&gt;&lt;!-- SC_ON --&gt;",2qh7m,"https://v.redd.it/ff6uy1jcmjld1/DASH_720.mp4?source=fallback,,,https://v.redd.it/xec06uc2udld1/DASH_1080.mp4?source=fallback,"
,CriterionChannel,https://www.reddit.com/r/CriterionChannel,102706,"All things film related.

Rule 1: Be Nice

Rule 2: Film-related posts only

Rule 3: No Self-Promotion","&lt;!-- SC_OFF --&gt;&lt;div class=""md""&gt;&lt;p&gt;All things film related.&lt;/p&gt;

&lt;p&gt;Rule 1: Be Nice&lt;/p&gt;

&lt;p&gt;Rule 2: Film-related posts only&lt;/p&gt;

&lt;p&gt;Rule 3: No Self-Promotion&lt;/p&gt;
&lt;/div&gt;&lt;!-- SC_ON --&gt;",2qh7m,"https://v.redd.it/ff6uy1jcmjld1/DASH_720.mp4?source=fallback,,,https://v.redd.it/xec06uc2udld1/DASH_1080.mp4?source=fallback,"
,oldhollywood,https://www.reddit.com/r/oldhollywood,102706,"All things film related.

Rule 1: Be Nice

Rule 2: Film-related posts only

Rule 3: No Self-Promotion","&lt;!-- SC_OFF --&gt;&lt;div class=""md""&gt;&lt;p&gt;All things film related.&lt;/p&gt;

&lt;p&gt;Rule 1: Be Nice&lt;/p&gt;

&lt;p&gt;Rule 2: Film-related posts only&lt;/p&gt;

&lt;p&gt;Rule 3: No Self-Promotion&lt;/p&gt;
&lt;/div&gt;&lt;!-- SC_ON --&gt;",2qh7m,"https://v.redd.it/ff6uy1jcmjld1/DASH_720.mp4?source=fallback,,,https://v.redd.it/xec06uc2udld1/DASH_1080.mp4?source=fallback,"
,iwatchedanoldmovie,https://www.reddit.com/r/iwatchedanoldmovie,102706,"All things film related.

Rule 1: Be Nice

Rule 2: Film-related posts only

Rule 3: No Self-Promotion","&lt;!-- SC_OFF --&gt;&lt;div class=""md""&gt;&lt;p&gt;All things film related.&lt;/p&gt;

&lt;p&gt;Rule 1: Be Nice&lt;/p&gt;

&lt;p&gt;Rule 2: Film-related posts only&lt;/p&gt;

&lt;p&gt;Rule 3: No Self-Promotion&lt;/p&gt;
&lt;/div&gt;&lt;!-- SC_ON --&gt;",2qh7m,"https://v.redd.it/ff6uy1jcmjld1/DASH_720.mp4?source=fallback,,,https://v.redd.it/xec06uc2udld1/DASH_1080.mp4?source=fallback,"
,silentmoviegifs,https://www.reddit.com/r/silentmoviegifs,102706,"All things film related.

Rule 1: Be Nice

Rule 2: Film-related posts only

Rule 3: No Self-Promotion","&lt;!-- SC_OFF --&gt;&lt;div class=""md""&gt;&lt;p&gt;All things film related.&lt;/p&gt;

&lt;p&gt;Rule 1: Be Nice&lt;/p&gt;

&lt;p&gt;Rule 2: Film-related posts only&lt;/p&gt;

&lt;p&gt;Rule 3: No Self-Promotion&lt;/p&gt;
&lt;/div&gt;&lt;!-- SC_ON --&gt;",2qh7m,"https://v.redd.it/ff6uy1jcmjld1/DASH_720.mp4?source=fallback,,,https://v.redd.it/xec06uc2udld1/DASH_1080.mp4?source=fallback,"
,ClassicHorror,https://www.reddit.com/r/ClassicHorror,102706,"All things film related.

Rule 1: Be Nice

Rule 2: Film-related posts only

Rule 3: No Self-Promotion","&lt;!-- SC_OFF --&gt;&lt;div class=""md""&gt;&lt;p&gt;All things film related.&lt;/p&gt;

&lt;p&gt;Rule 1: Be Nice&lt;/p&gt;

&lt;p&gt;Rule 2: Film-related posts only&lt;/p&gt;

&lt;p&gt;Rule 3: No Self-Promotion&lt;/p&gt;
&lt;/div&gt;&lt;!-- SC_ON --&gt;",2qh7m,"https://v.redd.it/ff6uy1jcmjld1/DASH_720.mp4?source=fallback,,,https://v.redd.it/xec06uc2udld1/DASH_1080.mp4?source=fallback,"
,silentcinema,https://www.reddit.com/r/silentcinema,102706,"All things film related.

Rule 1: Be Nice

Rule 2: Film-related posts only

Rule 3: No Self-Promotion","&lt;!-- SC_OFF --&gt;&lt;div class=""md""&gt;&lt;p&gt;All things film related.&lt;/p&gt;

&lt;p&gt;Rule 1: Be Nice&lt;/p&gt;

&lt;p&gt;Rule 2: Film-related posts only&lt;/p&gt;

&lt;p&gt;Rule 3: No Self-Promotion&lt;/p&gt;
&lt;/div&gt;&lt;!-- SC_ON --&gt;",2qh7m,"https://v.redd.it/ff6uy1jcmjld1/DASH_720.mp4?source=fallback,,,https://v.redd.it/xec06uc2udld1/DASH_1080.mp4?source=fallback,"
,noir,https://www.reddit.com/r/noir,102706,"All things film related.

Rule 1: Be Nice

Rule 2: Film-related posts only

Rule 3: No Self-Promotion","&lt;!-- SC_OFF --&gt;&lt;div class=""md""&gt;&lt;p&gt;All things film related.&lt;/p&gt;

&lt;p&gt;Rule 1: Be Nice&lt;/p&gt;

&lt;p&gt;Rule 2: Film-related posts only&lt;/p&gt;

&lt;p&gt;Rule 3: No Self-Promotion&lt;/p&gt;
&lt;/div&gt;&lt;!-- SC_ON --&gt;",2qh7m,"https://v.redd.it/ff6uy1jcmjld1/DASH_720.mp4?source=fallback,,,https://v.redd.it/xec06uc2udld1/DASH_1080.mp4?source=fallback,"
,twinpeaks,https://www.reddit.com/r/twinpeaks,102706,"All things film related.

Rule 1: Be Nice

Rule 2: Film-related posts only

Rule 3: No Self-Promotion","&lt;!-- SC_OFF --&gt;&lt;div class=""md""&gt;&lt;p&gt;All things film related.&lt;/p&gt;

&lt;p&gt;Rule 1: Be Nice&lt;/p&gt;

&lt;p&gt;Rule 2: Film-related posts only&lt;/p&gt;

&lt;p&gt;Rule 3: No Self-Promotion&lt;/p&gt;
&lt;/div&gt;&lt;!-- SC_ON --&gt;",2qh7m,"https://v.redd.it/ff6uy1jcmjld1/DASH_720.mp4?source=fallback,,,https://v.redd.it/xec06uc2udld1/DASH_1080.mp4?source=fallback,"
,Steelbooks,https://www.reddit.com/r/Steelbooks,102706,"All things film related.

Rule 1: Be Nice

Rule 2: Film-related posts only

Rule 3: No Self-Promotion","&lt;!-- SC_OFF --&gt;&lt;div class=""md""&gt;&lt;p&gt;All things film related.&lt;/p&gt;

&lt;p&gt;Rule 1: Be Nice&lt;/p&gt;

&lt;p&gt;Rule 2: Film-related posts only&lt;/p&gt;

&lt;p&gt;Rule 3: No Self-Promotion&lt;/p&gt;
&lt;/div&gt;&lt;!-- SC_ON --&gt;",2qh7m,"https://v.redd.it/ff6uy1jcmjld1/DASH_720.mp4?source=fallback,,,https://v.redd.it/xec06uc2udld1/DASH_1080.mp4?source=fallback,"
,Sardonicast,https://www.reddit.com/r/Sardonicast,102706,"All things film related.

Rule 1: Be Nice

Rule 2: Film-related posts only

Rule 3: No Self-Promotion","&lt;!-- SC_OFF --&gt;&lt;div class=""md""&gt;&lt;p&gt;All things film related.&lt;/p&gt;

&lt;p&gt;Rule 1: Be Nice&lt;/p&gt;

&lt;p&gt;Rule 2: Film-related posts only&lt;/p&gt;

&lt;p&gt;Rule 3: No Self-Promotion&lt;/p&gt;
&lt;/div&gt;&lt;!-- SC_ON --&gt;",2qh7m,"https://v.redd.it/ff6uy1jcmjld1/DASH_720.mp4?source=fallback,,,https://v.redd.it/xec06uc2udld1/DASH_1080.mp4?source=fallback,"
,moviecritic,https://www.reddit.com/r/moviecritic,102706,"All things film related.

Rule 1: Be Nice

Rule 2: Film-related posts only

Rule 3: No Self-Promotion","&lt;!-- SC_OFF --&gt;&lt;div class=""md""&gt;&lt;p&gt;All things film related.&lt;/p&gt;

&lt;p&gt;Rule 1: Be Nice&lt;/p&gt;

&lt;p&gt;Rule 2: Film-related posts only&lt;/p&gt;

&lt;p&gt;Rule 3: No Self-Promotion&lt;/p&gt;
&lt;/div&gt;&lt;!-- SC_ON --&gt;",2qh7m,"https://v.redd.it/ff6uy1jcmjld1/DASH_720.mp4?source=fallback,,,https://v.redd.it/xec06uc2udld1/DASH_1080.mp4?source=fallback,"
,badMovies,https://www.reddit.com/r/badMovies,102706,"All things film related.

Rule 1: Be Nice

Rule 2: Film-related posts only

Rule 3: No Self-Promotion","&lt;!-- SC_OFF --&gt;&lt;div class=""md""&gt;&lt;p&gt;All things film related.&lt;/p&gt;

&lt;p&gt;Rule 1: Be Nice&lt;/p&gt;

&lt;p&gt;Rule 2: Film-related posts only&lt;/p&gt;

&lt;p&gt;Rule 3: No Self-Promotion&lt;/p&gt;
&lt;/div&gt;&lt;!-- SC_ON --&gt;",2qh7m,"https://v.redd.it/ff6uy1jcmjld1/DASH_720.mp4?source=fallback,,,https://v.redd.it/xec06uc2udld1/DASH_1080.mp4?source=fallback,"
,comicbookmovies,https://www.reddit.com/r/comicbookmovies,102706,"All things film related.

Rule 1: Be Nice

Rule 2: Film-related posts only

Rule 3: No Self-Promotion","&lt;!-- SC_OFF --&gt;&lt;div class=""md""&gt;&lt;p&gt;All things film related.&lt;/p&gt;

&lt;p&gt;Rule 1: Be Nice&lt;/p&gt;

&lt;p&gt;Rule 2: Film-related posts only&lt;/p&gt;

&lt;p&gt;Rule 3: No Self-Promotion&lt;/p&gt;
&lt;/div&gt;&lt;!-- SC_ON --&gt;",2qh7m,"https://v.redd.it/ff6uy1jcmjld1/DASH_720.mp4?source=fallback,,,https://v.redd.it/xec06uc2udld1/DASH_1080.mp4?source=fallback,"
,boxoffice,https://www.reddit.com/r/boxoffice,102706,"All things film related.

Rule 1: Be Nice

Rule 2: Film-related posts only

Rule 3: No Self-Promotion","&lt;!-- SC_OFF --&gt;&lt;div class=""md""&gt;&lt;p&gt;All things film related.&lt;/p&gt;

&lt;p&gt;Rule 1: Be Nice&lt;/p&gt;

&lt;p&gt;Rule 2: Film-related posts only&lt;/p&gt;

&lt;p&gt;Rule 3: No Self-Promotion&lt;/p&gt;
&lt;/div&gt;&lt;!-- SC_ON --&gt;",2qh7m,"https://v.redd.it/ff6uy1jcmjld1/DASH_720.mp4?source=fallback,,,https://v.redd.it/xec06uc2udld1/DASH_1080.mp4?source=fallback,"
,colorists,https://www.reddit.com/r/colorists,102706,"All things film related.

Rule 1: Be Nice

Rule 2: Film-related posts only

Rule 3: No Self-Promotion","&lt;!-- SC_OFF --&gt;&lt;div class=""md""&gt;&lt;p&gt;All things film related.&lt;/p&gt;

&lt;p&gt;Rule 1: Be Nice&lt;/p&gt;

&lt;p&gt;Rule 2: Film-related posts only&lt;/p&gt;

&lt;p&gt;Rule 3: No Self-Promotion&lt;/p&gt;
&lt;/div&gt;&lt;!-- SC_ON --&gt;",2qh7m,"https://v.redd.it/ff6uy1jcmjld1/DASH_720.mp4?source=fallback,,,https://v.redd.it/xec06uc2udld1/DASH_1080.mp4?source=fallback,"
,davinciresolve,https://www.reddit.com/r/davinciresolve,102706,"All things film related.

Rule 1: Be Nice

Rule 2: Film-related posts only

Rule 3: No Self-Promotion","&lt;!-- SC_OFF --&gt;&lt;div class=""md""&gt;&lt;p&gt;All things film related.&lt;/p&gt;

&lt;p&gt;Rule 1: Be Nice&lt;/p&gt;

&lt;p&gt;Rule 2: Film-related posts only&lt;/p&gt;

&lt;p&gt;Rule 3: No Self-Promotion&lt;/p&gt;
&lt;/div&gt;&lt;!-- SC_ON --&gt;",2qh7m,"https://v.redd.it/ff6uy1jcmjld1/DASH_720.mp4?source=fallback,,,https://v.redd.it/xec06uc2udld1/DASH_1080.mp4?source=fallback,"
,blackmagicdesign,https://www.reddit.com/r/blackmagicdesign,102706,"All things film related.

Rule 1: Be Nice

Rule 2: Film-related posts only

Rule 3: No Self-Promotion","&lt;!-- SC_OFF --&gt;&lt;div class=""md""&gt;&lt;p&gt;All things film related.&lt;/p&gt;

&lt;p&gt;Rule 1: Be Nice&lt;/p&gt;

&lt;p&gt;Rule 2: Film-related posts only&lt;/p&gt;

&lt;p&gt;Rule 3: No Self-Promotion&lt;/p&gt;
&lt;/div&gt;&lt;!-- SC_ON --&gt;",2qh7m,"https://v.redd.it/ff6uy1jcmjld1/DASH_720.mp4?source=fallback,,,https://v.redd.it/xec06uc2udld1/DASH_1080.mp4?source=fallback,"
,SonyAlpha,https://www.reddit.com/r/SonyAlpha,102706,"All things film related.

Rule 1: Be Nice

Rule 2: Film-related posts only

Rule 3: No Self-Promotion","&lt;!-- SC_OFF --&gt;&lt;div class=""md""&gt;&lt;p&gt;All things film related.&lt;/p&gt;

&lt;p&gt;Rule 1: Be Nice&lt;/p&gt;

&lt;p&gt;Rule 2: Film-related posts only&lt;/p&gt;

&lt;p&gt;Rule 3: No Self-Promotion&lt;/p&gt;
&lt;/div&gt;&lt;!-- SC_ON --&gt;",2qh7m,"https://v.redd.it/ff6uy1jcmjld1/DASH_720.mp4?source=fallback,,,https://v.redd.it/xec06uc2udld1/DASH_1080.mp4?source=fallback,"
,Cameras,https://www.reddit.com/r/Cameras,102706,"All things film related.

Rule 1: Be Nice

Rule 2: Film-related posts only

Rule 3: No Self-Promotion","&lt;!-- SC_OFF --&gt;&lt;div class=""md""&gt;&lt;p&gt;All things film related.&lt;/p&gt;

&lt;p&gt;Rule 1: Be Nice&lt;/p&gt;

&lt;p&gt;Rule 2: Film-related posts only&lt;/p&gt;

&lt;p&gt;Rule 3: No Self-Promotion&lt;/p&gt;
&lt;/div&gt;&lt;!-- SC_ON --&gt;",2qh7m,"https://v.redd.it/ff6uy1jcmjld1/DASH_720.mp4?source=fallback,,,https://v.redd.it/xec06uc2udld1/DASH_1080.mp4?source=fallback,"
,A24,https://www.reddit.com/r/A24,102706,"All things film related.

Rule 1: Be Nice

Rule 2: Film-related posts only

Rule 3: No Self-Promotion","&lt;!-- SC_OFF --&gt;&lt;div class=""md""&gt;&lt;p&gt;All things film related.&lt;/p&gt;

&lt;p&gt;Rule 1: Be Nice&lt;/p&gt;

&lt;p&gt;Rule 2: Film-related posts only&lt;/p&gt;

&lt;p&gt;Rule 3: No Self-Promotion&lt;/p&gt;
&lt;/div&gt;&lt;!-- SC_ON --&gt;",2qh7m,"https://v.redd.it/ff6uy1jcmjld1/DASH_720.mp4?source=fallback,,,https://v.redd.it/xec06uc2udld1/DASH_1080.mp4?source=fallback,"
,GuessTheMovie,https://www.reddit.com/r/GuessTheMovie,102706,"All things film related.

Rule 1: Be Nice

Rule 2: Film-related posts only

Rule 3: No Self-Promotion","&lt;!-- SC_OFF --&gt;&lt;div class=""md""&gt;&lt;p&gt;All things film related.&lt;/p&gt;

&lt;p&gt;Rule 1: Be Nice&lt;/p&gt;

&lt;p&gt;Rule 2: Film-related posts only&lt;/p&gt;

&lt;p&gt;Rule 3: No Self-Promotion&lt;/p&gt;
&lt;/div&gt;&lt;!-- SC_ON --&gt;",2qh7m,"https://v.redd.it/ff6uy1jcmjld1/DASH_720.mp4?source=fallback,,,https://v.redd.it/xec06uc2udld1/DASH_1080.mp4?source=fallback,"
,okbuddycinephile,https://www.reddit.com/r/okbuddycinephile,102706,"All things film related.

Rule 1: Be Nice

Rule 2: Film-related posts only

Rule 3: No Self-Promotion","&lt;!-- SC_OFF --&gt;&lt;div class=""md""&gt;&lt;p&gt;All things film related.&lt;/p&gt;

&lt;p&gt;Rule 1: Be Nice&lt;/p&gt;

&lt;p&gt;Rule 2: Film-related posts only&lt;/p&gt;

&lt;p&gt;Rule 3: No Self-Promotion&lt;/p&gt;
&lt;/div&gt;&lt;!-- SC_ON --&gt;",2qh7m,"https://v.redd.it/ff6uy1jcmjld1/DASH_720.mp4?source=fallback,,,https://v.redd.it/xec06uc2udld1/DASH_1080.mp4?source=fallback,"
,MovieLeaksAndRumors,https://www.reddit.com/r/MovieLeaksAndRumors,102706,"All things film related.

Rule 1: Be Nice

Rule 2: Film-related posts only

Rule 3: No Self-Promotion","&lt;!-- SC_OFF --&gt;&lt;div class=""md""&gt;&lt;p&gt;All things film related.&lt;/p&gt;

&lt;p&gt;Rule 1: Be Nice&lt;/p&gt;

&lt;p&gt;Rule 2: Film-related posts only&lt;/p&gt;

&lt;p&gt;Rule 3: No Self-Promotion&lt;/p&gt;
&lt;/div&gt;&lt;!-- SC_ON --&gt;",2qh7m,"https://v.redd.it/ff6uy1jcmjld1/DASH_720.mp4?source=fallback,,,https://v.redd.it/xec06uc2udld1/DASH_1080.mp4?source=fallback,"
,LAlist,https://www.reddit.com/r/LAlist,102706,"All things film related.

Rule 1: Be Nice

Rule 2: Film-related posts only

Rule 3: No Self-Promotion","&lt;!-- SC_OFF --&gt;&lt;div class=""md""&gt;&lt;p&gt;All things film related.&lt;/p&gt;

&lt;p&gt;Rule 1: Be Nice&lt;/p&gt;

&lt;p&gt;Rule 2: Film-related posts only&lt;/p&gt;

&lt;p&gt;Rule 3: No Self-Promotion&lt;/p&gt;
&lt;/div&gt;&lt;!-- SC_ON --&gt;",2qh7m,"https://v.redd.it/ff6uy1jcmjld1/DASH_720.mp4?source=fallback,,,https://v.redd.it/xec06uc2udld1/DASH_1080.mp4?source=fallback,"
,AskLosAngeles,https://www.reddit.com/r/AskLosAngeles,102706,"All things film related.

Rule 1: Be Nice

Rule 2: Film-related posts only

Rule 3: No Self-Promotion","&lt;!-- SC_OFF --&gt;&lt;div class=""md""&gt;&lt;p&gt;All things film related.&lt;/p&gt;

&lt;p&gt;Rule 1: Be Nice&lt;/p&gt;

&lt;p&gt;Rule 2: Film-related posts only&lt;/p&gt;

&lt;p&gt;Rule 3: No Self-Promotion&lt;/p&gt;
&lt;/div&gt;&lt;!-- SC_ON --&gt;",2qh7m,"https://v.redd.it/ff6uy1jcmjld1/DASH_720.mp4?source=fallback,,,https://v.redd.it/xec06uc2udld1/DASH_1080.mp4?source=fallback,"
,FoodLosAngeles,https://www.reddit.com/r/FoodLosAngeles,102706,"All things film related.

Rule 1: Be Nice

Rule 2: Film-related posts only

Rule 3: No Self-Promotion","&lt;!-- SC_OFF --&gt;&lt;div class=""md""&gt;&lt;p&gt;All things film related.&lt;/p&gt;

&lt;p&gt;Rule 1: Be Nice&lt;/p&gt;

&lt;p&gt;Rule 2: Film-related posts only&lt;/p&gt;

&lt;p&gt;Rule 3: No Self-Promotion&lt;/p&gt;
&lt;/div&gt;&lt;!-- SC_ON --&gt;",2qh7m,"https://v.redd.it/ff6uy1jcmjld1/DASH_720.mp4?source=fallback,,,https://v.redd.it/xec06uc2udld1/DASH_1080.mp4?source=fallback,"
,IATSE,https://www.reddit.com/r/IATSE,102706,"All things film related.

Rule 1: Be Nice

Rule 2: Film-related posts only

Rule 3: No Self-Promotion","&lt;!-- SC_OFF --&gt;&lt;div class=""md""&gt;&lt;p&gt;All things film related.&lt;/p&gt;

&lt;p&gt;Rule 1: Be Nice&lt;/p&gt;

&lt;p&gt;Rule 2: Film-related posts only&lt;/p&gt;

&lt;p&gt;Rule 3: No Self-Promotion&lt;/p&gt;
&lt;/div&gt;&lt;!-- SC_ON --&gt;",2qh7m,"https://v.redd.it/ff6uy1jcmjld1/DASH_720.mp4?source=fallback,,,https://v.redd.it/xec06uc2udld1/DASH_1080.mp4?source=fallback,"
,acting,https://www.reddit.com/r/acting,102706,"All things film related.

Rule 1: Be Nice

Rule 2: Film-related posts only

Rule 3: No Self-Promotion","&lt;!-- SC_OFF --&gt;&lt;div class=""md""&gt;&lt;p&gt;All things film related.&lt;/p&gt;

&lt;p&gt;Rule 1: Be Nice&lt;/p&gt;

&lt;p&gt;Rule 2: Film-related posts only&lt;/p&gt;

&lt;p&gt;Rule 3: No Self-Promotion&lt;/p&gt;
&lt;/div&gt;&lt;!-- SC_ON --&gt;",2qh7m,"https://v.redd.it/ff6uy1jcmjld1/DASH_720.mp4?source=fallback,,,https://v.redd.it/xec06uc2udld1/DASH_1080.mp4?source=fallback,"
,burbank,https://www.reddit.com/r/burbank,102706,"All things film related.

Rule 1: Be Nice

Rule 2: Film-related posts only

Rule 3: No Self-Promotion","&lt;!-- SC_OFF --&gt;&lt;div class=""md""&gt;&lt;p&gt;All things film related.&lt;/p&gt;

&lt;p&gt;Rule 1: Be Nice&lt;/p&gt;

&lt;p&gt;Rule 2: Film-related posts only&lt;/p&gt;

&lt;p&gt;Rule 3: No Self-Promotion&lt;/p&gt;
&lt;/div&gt;&lt;!-- SC_ON --&gt;",2qh7m,"https://v.redd.it/ff6uy1jcmjld1/DASH_720.mp4?source=fallback,,,https://v.redd.it/xec06uc2udld1/DASH_1080.mp4?source=fallback,"
,MovingToLosAngeles,https://www.reddit.com/r/MovingToLosAngeles,102706,"All things film related.

Rule 1: Be Nice

Rule 2: Film-related posts only

Rule 3: No Self-Promotion","&lt;!-- SC_OFF --&gt;&lt;div class=""md""&gt;&lt;p&gt;All things film related.&lt;/p&gt;

&lt;p&gt;Rule 1: Be Nice&lt;/p&gt;

&lt;p&gt;Rule 2: Film-related posts only&lt;/p&gt;

&lt;p&gt;Rule 3: No Self-Promotion&lt;/p&gt;
&lt;/div&gt;&lt;!-- SC_ON --&gt;",2qh7m,"https://v.redd.it/ff6uy1jcmjld1/DASH_720.mp4?source=fallback,,,https://v.redd.it/xec06uc2udld1/DASH_1080.mp4?source=fallback,"
,LARentals,https://www.reddit.com/r/LARentals,102706,"All things film related.

Rule 1: Be Nice

Rule 2: Film-related posts only

Rule 3: No Self-Promotion","&lt;!-- SC_OFF --&gt;&lt;div class=""md""&gt;&lt;p&gt;All things film related.&lt;/p&gt;

&lt;p&gt;Rule 1: Be Nice&lt;/p&gt;

&lt;p&gt;Rule 2: Film-related posts only&lt;/p&gt;

&lt;p&gt;Rule 3: No Self-Promotion&lt;/p&gt;
&lt;/div&gt;&lt;!-- SC_ON --&gt;",2qh7m,"https://v.redd.it/ff6uy1jcmjld1/DASH_720.mp4?source=fallback,,,https://v.redd.it/xec06uc2udld1/DASH_1080.mp4?source=fallback,"
,FilmTVBudgeting,https://www.reddit.com/r/FilmTVBudgeting,102706,"All things film related.

Rule 1: Be Nice

Rule 2: Film-related posts only

Rule 3: No Self-Promotion","&lt;!-- SC_OFF --&gt;&lt;div class=""md""&gt;&lt;p&gt;All things film related.&lt;/p&gt;

&lt;p&gt;Rule 1: Be Nice&lt;/p&gt;

&lt;p&gt;Rule 2: Film-related posts only&lt;/p&gt;

&lt;p&gt;Rule 3: No Self-Promotion&lt;/p&gt;
&lt;/div&gt;&lt;!-- SC_ON --&gt;",2qh7m,"https://v.redd.it/ff6uy1jcmjld1/DASH_720.mp4?source=fallback,,,https://v.redd.it/xec06uc2udld1/DASH_1080.mp4?source=fallback,"
,FILMPRODUCERS,https://www.reddit.com/r/FILMPRODUCERS,102706,"All things film related.

Rule 1: Be Nice

Rule 2: Film-related posts only

Rule 3: No Self-Promotion","&lt;!-- SC_OFF --&gt;&lt;div class=""md""&gt;&lt;p&gt;All things film related.&lt;/p&gt;

&lt;p&gt;Rule 1: Be Nice&lt;/p&gt;

&lt;p&gt;Rule 2: Film-related posts only&lt;/p&gt;

&lt;p&gt;Rule 3: No Self-Promotion&lt;/p&gt;
&lt;/div&gt;&lt;!-- SC_ON --&gt;",2qh7m,"https://v.redd.it/ff6uy1jcmjld1/DASH_720.mp4?source=fallback,,,https://v.redd.it/xec06uc2udld1/DASH_1080.mp4?source=fallback,"
,LosAngeles,https://www.reddit.com/r/LosAngeles,102706,"All things film related.

Rule 1: Be Nice

Rule 2: Film-related posts only

Rule 3: No Self-Promotion","&lt;!-- SC_OFF --&gt;&lt;div class=""md""&gt;&lt;p&gt;All things film related.&lt;/p&gt;

&lt;p&gt;Rule 1: Be Nice&lt;/p&gt;

&lt;p&gt;Rule 2: Film-related posts only&lt;/p&gt;

&lt;p&gt;Rule 3: No Self-Promotion&lt;/p&gt;
&lt;/div&gt;&lt;!-- SC_ON --&gt;",2qh7m,"https://v.redd.it/ff6uy1jcmjld1/DASH_720.mp4?source=fallback,,,https://v.redd.it/xec06uc2udld1/DASH_1080.mp4?source=fallback,"
,ProduceMyScript,https://www.reddit.com/r/ProduceMyScript,102706,"All things film related.

Rule 1: Be Nice

Rule 2: Film-related posts only

Rule 3: No Self-Promotion","&lt;!-- SC_OFF --&gt;&lt;div class=""md""&gt;&lt;p&gt;All things film related.&lt;/p&gt;

&lt;p&gt;Rule 1: Be Nice&lt;/p&gt;

&lt;p&gt;Rule 2: Film-related posts only&lt;/p&gt;

&lt;p&gt;Rule 3: No Self-Promotion&lt;/p&gt;
&lt;/div&gt;&lt;!-- SC_ON --&gt;",2qh7m,"https://v.redd.it/ff6uy1jcmjld1/DASH_720.mp4?source=fallback,,,https://v.redd.it/xec06uc2udld1/DASH_1080.mp4?source=fallback,"
,SFV,https://www.reddit.com/r/SFV,102706,"All things film related.

Rule 1: Be Nice

Rule 2: Film-related posts only

Rule 3: No Self-Promotion","&lt;!-- SC_OFF --&gt;&lt;div class=""md""&gt;&lt;p&gt;All things film related.&lt;/p&gt;

&lt;p&gt;Rule 1: Be Nice&lt;/p&gt;

&lt;p&gt;Rule 2: Film-related posts only&lt;/p&gt;

&lt;p&gt;Rule 3: No Self-Promotion&lt;/p&gt;
&lt;/div&gt;&lt;!-- SC_ON --&gt;",2qh7m,"https://v.redd.it/ff6uy1jcmjld1/DASH_720.mp4?source=fallback,,,https://v.redd.it/xec06uc2udld1/DASH_1080.mp4?source=fallback,"
,kubrick,https://www.reddit.com/r/kubrick,102706,"All things film related.

Rule 1: Be Nice

Rule 2: Film-related posts only

Rule 3: No Self-Promotion","&lt;!-- SC_OFF --&gt;&lt;div class=""md""&gt;&lt;p&gt;All things film related.&lt;/p&gt;

&lt;p&gt;Rule 1: Be Nice&lt;/p&gt;

&lt;p&gt;Rule 2: Film-related posts only&lt;/p&gt;

&lt;p&gt;Rule 3: No Self-Promotion&lt;/p&gt;
&lt;/div&gt;&lt;!-- SC_ON --&gt;",2qh7m,"https://v.redd.it/ff6uy1jcmjld1/DASH_720.mp4?source=fallback,,,https://v.redd.it/xec06uc2udld1/DASH_1080.mp4?source=fallback,"
,theshining,https://www.reddit.com/r/theshining,102706,"All things film related.

Rule 1: Be Nice

Rule 2: Film-related posts only

Rule 3: No Self-Promotion","&lt;!-- SC_OFF --&gt;&lt;div class=""md""&gt;&lt;p&gt;All things film related.&lt;/p&gt;

&lt;p&gt;Rule 1: Be Nice&lt;/p&gt;

&lt;p&gt;Rule 2: Film-related posts only&lt;/p&gt;

&lt;p&gt;Rule 3: No Self-Promotion&lt;/p&gt;
&lt;/div&gt;&lt;!-- SC_ON --&gt;",2qh7m,"https://v.redd.it/ff6uy1jcmjld1/DASH_720.mp4?source=fallback,,,https://v.redd.it/xec06uc2udld1/DASH_1080.mp4?source=fallback,"
,oscarrace,https://www.reddit.com/r/oscarrace,102706,"All things film related.

Rule 1: Be Nice

Rule 2: Film-related posts only

Rule 3: No Self-Promotion","&lt;!-- SC_OFF --&gt;&lt;div class=""md""&gt;&lt;p&gt;All things film related.&lt;/p&gt;

&lt;p&gt;Rule 1: Be Nice&lt;/p&gt;

&lt;p&gt;Rule 2: Film-related posts only&lt;/p&gt;

&lt;p&gt;Rule 3: No Self-Promotion&lt;/p&gt;
&lt;/div&gt;&lt;!-- SC_ON --&gt;",2qh7m,"https://v.redd.it/ff6uy1jcmjld1/DASH_720.mp4?source=fallback,,,https://v.redd.it/xec06uc2udld1/DASH_1080.mp4?source=fallback,"
,YMS,https://www.reddit.com/r/YMS,102706,"All things film related.

Rule 1: Be Nice

Rule 2: Film-related posts only

Rule 3: No Self-Promotion","&lt;!-- SC_OFF --&gt;&lt;div class=""md""&gt;&lt;p&gt;All things film related.&lt;/p&gt;

&lt;p&gt;Rule 1: Be Nice&lt;/p&gt;

&lt;p&gt;Rule 2: Film-related posts only&lt;/p&gt;

&lt;p&gt;Rule 3: No Self-Promotion&lt;/p&gt;
&lt;/div&gt;&lt;!-- SC_ON --&gt;",2qh7m,"https://v.redd.it/ff6uy1jcmjld1/DASH_720.mp4?source=fallback,,,https://v.redd.it/xec06uc2udld1/DASH_1080.mp4?source=fallback,"
,JamesBond,https://www.reddit.com/r/JamesBond,102706,"All things film related.

Rule 1: Be Nice

Rule 2: Film-related posts only

Rule 3: No Self-Promotion","&lt;!-- SC_OFF --&gt;&lt;div class=""md""&gt;&lt;p&gt;All things film related.&lt;/p&gt;

&lt;p&gt;Rule 1: Be Nice&lt;/p&gt;

&lt;p&gt;Rule 2: Film-related posts only&lt;/p&gt;

&lt;p&gt;Rule 3: No Self-Promotion&lt;/p&gt;
&lt;/div&gt;&lt;!-- SC_ON --&gt;",2qh7m,"https://v.redd.it/ff6uy1jcmjld1/DASH_720.mp4?source=fallback,,,https://v.redd.it/xec06uc2udld1/DASH_1080.mp4?source=fallback,"
,pulpfiction,https://www.reddit.com/r/pulpfiction,102706,"All things film related.

Rule 1: Be Nice

Rule 2: Film-related posts only

Rule 3: No Self-Promotion","&lt;!-- SC_OFF --&gt;&lt;div class=""md""&gt;&lt;p&gt;All things film related.&lt;/p&gt;

&lt;p&gt;Rule 1: Be Nice&lt;/p&gt;

&lt;p&gt;Rule 2: Film-related posts only&lt;/p&gt;

&lt;p&gt;Rule 3: No Self-Promotion&lt;/p&gt;
&lt;/div&gt;&lt;!-- SC_ON --&gt;",2qh7m,"https://v.redd.it/ff6uy1jcmjld1/DASH_720.mp4?source=fallback,,,https://v.redd.it/xec06uc2udld1/DASH_1080.mp4?source=fallback,"
,wesanderson,https://www.reddit.com/r/wesanderson,102706,"All things film related.

Rule 1: Be Nice

Rule 2: Film-related posts only

Rule 3: No Self-Promotion","&lt;!-- SC_OFF --&gt;&lt;div class=""md""&gt;&lt;p&gt;All things film related.&lt;/p&gt;

&lt;p&gt;Rule 1: Be Nice&lt;/p&gt;

&lt;p&gt;Rule 2: Film-related posts only&lt;/p&gt;

&lt;p&gt;Rule 3: No Self-Promotion&lt;/p&gt;
&lt;/div&gt;&lt;!-- SC_ON --&gt;",2qh7m,"https://v.redd.it/ff6uy1jcmjld1/DASH_720.mp4?source=fallback,,,https://v.redd.it/xec06uc2udld1/DASH_1080.mp4?source=fallback,"
,indianajones,https://www.reddit.com/r/indianajones,102706,"All things film related.

Rule 1: Be Nice

Rule 2: Film-related posts only

Rule 3: No Self-Promotion","&lt;!-- SC_OFF --&gt;&lt;div class=""md""&gt;&lt;p&gt;All things film related.&lt;/p&gt;

&lt;p&gt;Rule 1: Be Nice&lt;/p&gt;

&lt;p&gt;Rule 2: Film-related posts only&lt;/p&gt;

&lt;p&gt;Rule 3: No Self-Promotion&lt;/p&gt;
&lt;/div&gt;&lt;!-- SC_ON --&gt;",2qh7m,"https://v.redd.it/ff6uy1jcmjld1/DASH_720.mp4?source=fallback,,,https://v.redd.it/xec06uc2udld1/DASH_1080.mp4?source=fallback,"
,4kbluray,https://www.reddit.com/r/4kbluray,102706,"All things film related.

Rule 1: Be Nice

Rule 2: Film-related posts only

Rule 3: No Self-Promotion","&lt;!-- SC_OFF --&gt;&lt;div class=""md""&gt;&lt;p&gt;All things film related.&lt;/p&gt;

&lt;p&gt;Rule 1: Be Nice&lt;/p&gt;

&lt;p&gt;Rule 2: Film-related posts only&lt;/p&gt;

&lt;p&gt;Rule 3: No Self-Promotion&lt;/p&gt;
&lt;/div&gt;&lt;!-- SC_ON --&gt;",2qh7m,"https://v.redd.it/ff6uy1jcmjld1/DASH_720.mp4?source=fallback,,,https://v.redd.it/xec06uc2udld1/DASH_1080.mp4?source=fallback,"
,DigitalCodeSELL,https://www.reddit.com/r/DigitalCodeSELL,102706,"All things film related.

Rule 1: Be Nice

Rule 2: Film-related posts only

Rule 3: No Self-Promotion","&lt;!-- SC_OFF --&gt;&lt;div class=""md""&gt;&lt;p&gt;All things film related.&lt;/p&gt;

&lt;p&gt;Rule 1: Be Nice&lt;/p&gt;

&lt;p&gt;Rule 2: Film-related posts only&lt;/p&gt;

&lt;p&gt;Rule 3: No Self-Promotion&lt;/p&gt;
&lt;/div&gt;&lt;!-- SC_ON --&gt;",2qh7m,"https://v.redd.it/ff6uy1jcmjld1/DASH_720.mp4?source=fallback,,,https://v.redd.it/xec06uc2udld1/DASH_1080.mp4?source=fallback,"
,vudu,https://www.reddit.com/r/vudu,102706,"All things film related.

Rule 1: Be Nice

Rule 2: Film-related posts only

Rule 3: No Self-Promotion","&lt;!-- SC_OFF --&gt;&lt;div class=""md""&gt;&lt;p&gt;All things film related.&lt;/p&gt;

&lt;p&gt;Rule 1: Be Nice&lt;/p&gt;

&lt;p&gt;Rule 2: Film-related posts only&lt;/p&gt;

&lt;p&gt;Rule 3: No Self-Promotion&lt;/p&gt;
&lt;/div&gt;&lt;!-- SC_ON --&gt;",2qh7m,"https://v.redd.it/ff6uy1jcmjld1/DASH_720.mp4?source=fallback,,,https://v.redd.it/xec06uc2udld1/DASH_1080.mp4?source=fallback,"
,arrowvideo,https://www.reddit.com/r/arrowvideo,102706,"All things film related.

Rule 1: Be Nice

Rule 2: Film-related posts only

Rule 3: No Self-Promotion","&lt;!-- SC_OFF --&gt;&lt;div class=""md""&gt;&lt;p&gt;All things film related.&lt;/p&gt;

&lt;p&gt;Rule 1: Be Nice&lt;/p&gt;

&lt;p&gt;Rule 2: Film-related posts only&lt;/p&gt;

&lt;p&gt;Rule 3: No Self-Promotion&lt;/p&gt;
&lt;/div&gt;&lt;!-- SC_ON --&gt;",2qh7m,"https://v.redd.it/ff6uy1jcmjld1/DASH_720.mp4?source=fallback,,,https://v.redd.it/xec06uc2udld1/DASH_1080.mp4?source=fallback,"
,TwinPeaksCircleJerk,https://www.reddit.com/r/TwinPeaksCircleJerk,102706,"All things film related.

Rule 1: Be Nice

Rule 2: Film-related posts only

Rule 3: No Self-Promotion","&lt;!-- SC_OFF --&gt;&lt;div class=""md""&gt;&lt;p&gt;All things film related.&lt;/p&gt;

&lt;p&gt;Rule 1: Be Nice&lt;/p&gt;

&lt;p&gt;Rule 2: Film-related posts only&lt;/p&gt;

&lt;p&gt;Rule 3: No Self-Promotion&lt;/p&gt;
&lt;/div&gt;&lt;!-- SC_ON --&gt;",2qh7m,"https://v.redd.it/ff6uy1jcmjld1/DASH_720.mp4?source=fallback,,,https://v.redd.it/xec06uc2udld1/DASH_1080.mp4?source=fallback,"
,AlbumArtPorn,https://www.reddit.com/r/AlbumArtPorn,102706,"All things film related.

Rule 1: Be Nice

Rule 2: Film-related posts only

Rule 3: No Self-Promotion","&lt;!-- SC_OFF --&gt;&lt;div class=""md""&gt;&lt;p&gt;All things film related.&lt;/p&gt;

&lt;p&gt;Rule 1: Be Nice&lt;/p&gt;

&lt;p&gt;Rule 2: Film-related posts only&lt;/p&gt;

&lt;p&gt;Rule 3: No Self-Promotion&lt;/p&gt;
&lt;/div&gt;&lt;!-- SC_ON --&gt;",2qh7m,"https://v.redd.it/ff6uy1jcmjld1/DASH_720.mp4?source=fallback,,,https://v.redd.it/xec06uc2udld1/DASH_1080.mp4?source=fallback,"
,Shortfilms,https://www.reddit.com/r/Shortfilms,102706,"All things film related.

Rule 1: Be Nice

Rule 2: Film-related posts only

Rule 3: No Self-Promotion","&lt;!-- SC_OFF --&gt;&lt;div class=""md""&gt;&lt;p&gt;All things film related.&lt;/p&gt;

&lt;p&gt;Rule 1: Be Nice&lt;/p&gt;

&lt;p&gt;Rule 2: Film-related posts only&lt;/p&gt;

&lt;p&gt;Rule 3: No Self-Promotion&lt;/p&gt;
&lt;/div&gt;&lt;!-- SC_ON --&gt;",2qh7m,"https://v.redd.it/ff6uy1jcmjld1/DASH_720.mp4?source=fallback,,,https://v.redd.it/xec06uc2udld1/DASH_1080.mp4?source=fallback,"
,ShortFilmsOnYouTube,https://www.reddit.com/r/ShortFilmsOnYouTube,102706,"All things film related.

Rule 1: Be Nice

Rule 2: Film-related posts only

Rule 3: No Self-Promotion","&lt;!-- SC_OFF --&gt;&lt;div class=""md""&gt;&lt;p&gt;All things film related.&lt;/p&gt;

&lt;p&gt;Rule 1: Be Nice&lt;/p&gt;

&lt;p&gt;Rule 2: Film-related posts only&lt;/p&gt;

&lt;p&gt;Rule 3: No Self-Promotion&lt;/p&gt;
&lt;/div&gt;&lt;!-- SC_ON --&gt;",2qh7m,"https://v.redd.it/ff6uy1jcmjld1/DASH_720.mp4?source=fallback,,,https://v.redd.it/xec06uc2udld1/DASH_1080.mp4?source=fallback,"
,shorthorror,https://www.reddit.com/r/shorthorror,102706,"All things film related.

Rule 1: Be Nice

Rule 2: Film-related posts only

Rule 3: No Self-Promotion","&lt;!-- SC_OFF --&gt;&lt;div class=""md""&gt;&lt;p&gt;All things film related.&lt;/p&gt;

&lt;p&gt;Rule 1: Be Nice&lt;/p&gt;

&lt;p&gt;Rule 2: Film-related posts only&lt;/p&gt;

&lt;p&gt;Rule 3: No Self-Promotion&lt;/p&gt;
&lt;/div&gt;&lt;!-- SC_ON --&gt;",2qh7m,"https://v.redd.it/ff6uy1jcmjld1/DASH_720.mp4?source=fallback,,,https://v.redd.it/xec06uc2udld1/DASH_1080.mp4?source=fallback,"
,indiefilm,https://www.reddit.com/r/indiefilm,102706,"All things film related.

Rule 1: Be Nice

Rule 2: Film-related posts only

Rule 3: No Self-Promotion","&lt;!-- SC_OFF --&gt;&lt;div class=""md""&gt;&lt;p&gt;All things film related.&lt;/p&gt;

&lt;p&gt;Rule 1: Be Nice&lt;/p&gt;

&lt;p&gt;Rule 2: Film-related posts only&lt;/p&gt;

&lt;p&gt;Rule 3: No Self-Promotion&lt;/p&gt;
&lt;/div&gt;&lt;!-- SC_ON --&gt;",2qh7m,"https://v.redd.it/ff6uy1jcmjld1/DASH_720.mp4?source=fallback,,,https://v.redd.it/xec06uc2udld1/DASH_1080.mp4?source=fallback,"
,FolkFilmMakers,https://www.reddit.com/r/FolkFilmMakers,102706,"All things film related.

Rule 1: Be Nice

Rule 2: Film-related posts only

Rule 3: No Self-Promotion","&lt;!-- SC_OFF --&gt;&lt;div class=""md""&gt;&lt;p&gt;All things film related.&lt;/p&gt;

&lt;p&gt;Rule 1: Be Nice&lt;/p&gt;

&lt;p&gt;Rule 2: Film-related posts only&lt;/p&gt;

&lt;p&gt;Rule 3: No Self-Promotion&lt;/p&gt;
&lt;/div&gt;&lt;!-- SC_ON --&gt;",2qh7m,"https://v.redd.it/ff6uy1jcmjld1/DASH_720.mp4?source=fallback,,,https://v.redd.it/xec06uc2udld1/DASH_1080.mp4?source=fallback,"
,short_films,https://www.reddit.com/r/short_films,102706,"All things film related.

Rule 1: Be Nice

Rule 2: Film-related posts only

Rule 3: No Self-Promotion","&lt;!-- SC_OFF --&gt;&lt;div class=""md""&gt;&lt;p&gt;All things film related.&lt;/p&gt;

&lt;p&gt;Rule 1: Be Nice&lt;/p&gt;

&lt;p&gt;Rule 2: Film-related posts only&lt;/p&gt;

&lt;p&gt;Rule 3: No Self-Promotion&lt;/p&gt;
&lt;/div&gt;&lt;!-- SC_ON --&gt;",2qh7m,"https://v.redd.it/ff6uy1jcmjld1/DASH_720.mp4?source=fallback,,,https://v.redd.it/xec06uc2udld1/DASH_1080.mp4?source=fallback,"
,ThomasPynchon,https://www.reddit.com/r/ThomasPynchon,102706,"All things film related.

Rule 1: Be Nice

Rule 2: Film-related posts only

Rule 3: No Self-Promotion","&lt;!-- SC_OFF --&gt;&lt;div class=""md""&gt;&lt;p&gt;All things film related.&lt;/p&gt;

&lt;p&gt;Rule 1: Be Nice&lt;/p&gt;

&lt;p&gt;Rule 2: Film-related posts only&lt;/p&gt;

&lt;p&gt;Rule 3: No Self-Promotion&lt;/p&gt;
&lt;/div&gt;&lt;!-- SC_ON --&gt;",2qh7m,"https://v.redd.it/ff6uy1jcmjld1/DASH_720.mp4?source=fallback,,,https://v.redd.it/xec06uc2udld1/DASH_1080.mp4?source=fallback,"
,roberteggers,https://www.reddit.com/r/roberteggers,102706,"All things film related.

Rule 1: Be Nice

Rule 2: Film-related posts only

Rule 3: No Self-Promotion","&lt;!-- SC_OFF --&gt;&lt;div class=""md""&gt;&lt;p&gt;All things film related.&lt;/p&gt;

&lt;p&gt;Rule 1: Be Nice&lt;/p&gt;

&lt;p&gt;Rule 2: Film-related posts only&lt;/p&gt;

&lt;p&gt;Rule 3: No Self-Promotion&lt;/p&gt;
&lt;/div&gt;&lt;!-- SC_ON --&gt;",2qh7m,"https://v.redd.it/ff6uy1jcmjld1/DASH_720.mp4?source=fallback,,,https://v.redd.it/xec06uc2udld1/DASH_1080.mp4?source=fallback,"
,TheBigPicture,https://www.reddit.com/r/TheBigPicture,102706,"All things film related.

Rule 1: Be Nice

Rule 2: Film-related posts only

Rule 3: No Self-Promotion","&lt;!-- SC_OFF --&gt;&lt;div class=""md""&gt;&lt;p&gt;All things film related.&lt;/p&gt;

&lt;p&gt;Rule 1: Be Nice&lt;/p&gt;

&lt;p&gt;Rule 2: Film-related posts only&lt;/p&gt;

&lt;p&gt;Rule 3: No Self-Promotion&lt;/p&gt;
&lt;/div&gt;&lt;!-- SC_ON --&gt;",2qh7m,"https://v.redd.it/ff6uy1jcmjld1/DASH_720.mp4?source=fallback,,,https://v.redd.it/xec06uc2udld1/DASH_1080.mp4?source=fallback,"
,CoenBrothers,https://www.reddit.com/r/CoenBrothers,102706,"All things film related.

Rule 1: Be Nice

Rule 2: Film-related posts only

Rule 3: No Self-Promotion","&lt;!-- SC_OFF --&gt;&lt;div class=""md""&gt;&lt;p&gt;All things film related.&lt;/p&gt;

&lt;p&gt;Rule 1: Be Nice&lt;/p&gt;

&lt;p&gt;Rule 2: Film-related posts only&lt;/p&gt;

&lt;p&gt;Rule 3: No Self-Promotion&lt;/p&gt;
&lt;/div&gt;&lt;!-- SC_ON --&gt;",2qh7m,"https://v.redd.it/ff6uy1jcmjld1/DASH_720.mp4?source=fallback,,,https://v.redd.it/xec06uc2udld1/DASH_1080.mp4?source=fallback,"
,HAIM,https://www.reddit.com/r/HAIM,102706,"All things film related.

Rule 1: Be Nice

Rule 2: Film-related posts only

Rule 3: No Self-Promotion","&lt;!-- SC_OFF --&gt;&lt;div class=""md""&gt;&lt;p&gt;All things film related.&lt;/p&gt;

&lt;p&gt;Rule 1: Be Nice&lt;/p&gt;

&lt;p&gt;Rule 2: Film-related posts only&lt;/p&gt;

&lt;p&gt;Rule 3: No Self-Promotion&lt;/p&gt;
&lt;/div&gt;&lt;!-- SC_ON --&gt;",2qh7m,"https://v.redd.it/ff6uy1jcmjld1/DASH_720.mp4?source=fallback,,,https://v.redd.it/xec06uc2udld1/DASH_1080.mp4?source=fallback,"
,AriAster,https://www.reddit.com/r/AriAster,102706,"All things film related.

Rule 1: Be Nice

Rule 2: Film-related posts only

Rule 3: No Self-Promotion","&lt;!-- SC_OFF --&gt;&lt;div class=""md""&gt;&lt;p&gt;All things film related.&lt;/p&gt;

&lt;p&gt;Rule 1: Be Nice&lt;/p&gt;

&lt;p&gt;Rule 2: Film-related posts only&lt;/p&gt;

&lt;p&gt;Rule 3: No Self-Promotion&lt;/p&gt;
&lt;/div&gt;&lt;!-- SC_ON --&gt;",2qh7m,"https://v.redd.it/ff6uy1jcmjld1/DASH_720.mp4?source=fallback,,,https://v.redd.it/xec06uc2udld1/DASH_1080.mp4?source=fallback,"
,VinegarSyndromeFilms,https://www.reddit.com/r/VinegarSyndromeFilms,102706,"All things film related.

Rule 1: Be Nice

Rule 2: Film-related posts only

Rule 3: No Self-Promotion","&lt;!-- SC_OFF --&gt;&lt;div class=""md""&gt;&lt;p&gt;All things film related.&lt;/p&gt;

&lt;p&gt;Rule 1: Be Nice&lt;/p&gt;

&lt;p&gt;Rule 2: Film-related posts only&lt;/p&gt;

&lt;p&gt;Rule 3: No Self-Promotion&lt;/p&gt;
&lt;/div&gt;&lt;!-- SC_ON --&gt;",2qh7m,"https://v.redd.it/ff6uy1jcmjld1/DASH_720.mp4?source=fallback,,,https://v.redd.it/xec06uc2udld1/DASH_1080.mp4?source=fallback,"
,writing,https://www.reddit.com/r/writing,102706,"All things film related.

Rule 1: Be Nice

Rule 2: Film-related posts only

Rule 3: No Self-Promotion","&lt;!-- SC_OFF --&gt;&lt;div class=""md""&gt;&lt;p&gt;All things film related.&lt;/p&gt;

&lt;p&gt;Rule 1: Be Nice&lt;/p&gt;

&lt;p&gt;Rule 2: Film-related posts only&lt;/p&gt;

&lt;p&gt;Rule 3: No Self-Promotion&lt;/p&gt;
&lt;/div&gt;&lt;!-- SC_ON --&gt;",2qh7m,"https://v.redd.it/ff6uy1jcmjld1/DASH_720.mp4?source=fallback,,,https://v.redd.it/xec06uc2udld1/DASH_1080.mp4?source=fallback,"
,writers,https://www.reddit.com/r/writers,102706,"All things film related.

Rule 1: Be Nice

Rule 2: Film-related posts only

Rule 3: No Self-Promotion","&lt;!-- SC_OFF --&gt;&lt;div class=""md""&gt;&lt;p&gt;All things film related.&lt;/p&gt;

&lt;p&gt;Rule 1: Be Nice&lt;/p&gt;

&lt;p&gt;Rule 2: Film-related posts only&lt;/p&gt;

&lt;p&gt;Rule 3: No Self-Promotion&lt;/p&gt;
&lt;/div&gt;&lt;!-- SC_ON --&gt;",2qh7m,"https://v.redd.it/ff6uy1jcmjld1/DASH_720.mp4?source=fallback,,,https://v.redd.it/xec06uc2udld1/DASH_1080.mp4?source=fallback,"
,ReadMyScript,https://www.reddit.com/r/ReadMyScript,102706,"All things film related.

Rule 1: Be Nice

Rule 2: Film-related posts only

Rule 3: No Self-Promotion","&lt;!-- SC_OFF --&gt;&lt;div class=""md""&gt;&lt;p&gt;All things film related.&lt;/p&gt;

&lt;p&gt;Rule 1: Be Nice&lt;/p&gt;

&lt;p&gt;Rule 2: Film-related posts only&lt;/p&gt;

&lt;p&gt;Rule 3: No Self-Promotion&lt;/p&gt;
&lt;/div&gt;&lt;!-- SC_ON --&gt;",2qh7m,"https://v.redd.it/ff6uy1jcmjld1/DASH_720.mp4?source=fallback,,,https://v.redd.it/xec06uc2udld1/DASH_1080.mp4?source=fallback,"
,VHS,https://www.reddit.com/r/VHS,102706,"All things film related.

Rule 1: Be Nice

Rule 2: Film-related posts only

Rule 3: No Self-Promotion","&lt;!-- SC_OFF --&gt;&lt;div class=""md""&gt;&lt;p&gt;All things film related.&lt;/p&gt;

&lt;p&gt;Rule 1: Be Nice&lt;/p&gt;

&lt;p&gt;Rule 2: Film-related posts only&lt;/p&gt;

&lt;p&gt;Rule 3: No Self-Promotion&lt;/p&gt;
&lt;/div&gt;&lt;!-- SC_ON --&gt;",2qh7m,"https://v.redd.it/ff6uy1jcmjld1/DASH_720.mp4?source=fallback,,,https://v.redd.it/xec06uc2udld1/DASH_1080.mp4?source=fallback,"
,Cd_collectors,https://www.reddit.com/r/Cd_collectors,102706,"All things film related.

Rule 1: Be Nice

Rule 2: Film-related posts only

Rule 3: No Self-Promotion","&lt;!-- SC_OFF --&gt;&lt;div class=""md""&gt;&lt;p&gt;All things film related.&lt;/p&gt;

&lt;p&gt;Rule 1: Be Nice&lt;/p&gt;

&lt;p&gt;Rule 2: Film-related posts only&lt;/p&gt;

&lt;p&gt;Rule 3: No Self-Promotion&lt;/p&gt;
&lt;/div&gt;&lt;!-- SC_ON --&gt;",2qh7m,"https://v.redd.it/ff6uy1jcmjld1/DASH_720.mp4?source=fallback,,,https://v.redd.it/xec06uc2udld1/DASH_1080.mp4?source=fallback,"
